sample_id,block,plots,sample_name,adf_pct,crude_protein_pct,dry_matter_pct,moisture_pct,ndf_pct,neg_adf,nel_adf,nem_adf,relative_feed_value,total_digestible_nutrients
ID 289 Year 88,1,101,LMP-101,34.615269503792696,14.681587348914283,91.42907837673238,8.570921623267608,45.26929167806189,30.99030615253895,64.77717693611072,56.77626198671333,129.27403803201386,58.34375998138444
ID 1111 Year 90,1,102,LMP-102,31.368264606514032,15.631923407729953,90.94707827711278,9.052921722887207,41.714880669412935,34.61349001435546,65.38888313774927,60.73744104990219,140.42010040440135,60.4573626103535
ID 1031 Year 90,1,103,LMP-103,37.379431341170374,13.008011729020158,91.11914853553796,8.88085146446203,43.13301019197621,30.617086414198475,63.17864020201391,56.37099883323587,132.0597480559522,58.42938173910504
ID 413 Year 90,1,104,LMP-104,37.32058397549076,12.985744521830132,90.29843226003811,9.701567739961874,43.69136912142301,31.38403111344583,61.65554463563372,57.20679823671797,129.18380745683447,58.747149109344825
ID 1071 Year 89,1,106,LMP-106,38.75050696056349,11.640240599425958,90.96085192406088,9.039148075939114,43.25953119871882,30.33478617093303,62.66460530168551,56.06129617250291,130.5390841779282,57.82086197936855
ID 1056 Year 89,1,107,LMP-107,41.9921752975317,13.697974602299524,90.77274547244994,9.227254527550036,46.229467399273176,29.7697459970504,58.830539978838836,55.44504494502253,117.1826116132882,56.13475675517461
ID 1110 Year 90,1,108,LMP-108,41.062689059545264,12.99944596901588,93.24413438002682,6.755865619973156,52.29065750490564,26.30075643644253,57.54561722353836,51.66998413165413,102.49440928465484,54.468510688627255
ID 1130 Year 90,1,109,LMP-109,40.35555317847445,17.833841872485102,91.26393571045145,8.73606428954854,49.781681358208886,28.435384942709966,60.43423023565059,53.9972078549972,110.76961788894451,57.77159798937889
ID 1119 Year 90,1,110,LMP-110,37.0913892358948,15.578647620958503,91.7650628604686,8.234937139531379,48.06404716714808,29.651030018623167,62.45029333642624,55.329194905617214,119.74104577778516,56.935521595797624
ID 1143 Year 90,1,111,LMP-111,36.80378446466425,16.943344282730493,91.90856940967163,8.091430590328354,51.514823922049274,27.96477194855653,62.32429294758319,53.496285747835074,111.32440840630504,57.14517155452356
ID 1144 Year 90,1,112,LMP-112,36.7877905376385,16.213597830731274,92.55350242294995,7.446497577050044,49.01305513156119,28.185900687706614,61.87076775703716,53.72514740232978,112.74119835531194,58.820260373691475
ID 1096 Year 90,1,113,LMP-113,38.81741660931159,14.221229514064255,93.51633154593182,6.483668454068166,51.11849658154337,26.289574177828207,60.185670464636594,51.65884405792791,106.2932754864952,56.92117115418466
ID 393 Year 88,1,114,LMP-114,40.00618223032208,11.894614829347692,92.39261257386137,7.607387426138613,50.214319438504205,29.57289860666399,55.875069772096495,55.23066927193,105.09685903142605,53.99724925749494
HI-GEST 660,1,115,LMP-115,44.34931914352023,14.544813428172393,92.5877589644022,7.412241035597782,60.559054142650766,22.312239984094838,50.93651104277759,47.34804509459283,73.57322195660706,48.203351821996776
Kura Clover,1,116,LMP-116,41.20729916447446,12.581228150850237,94.60824872007706,5.391751279922926,59.28303055653865,22.36560995301569,57.05272035165918,47.41310185108815,89.97315444872044,47.33476591030454
ID 103 Year 88,1,117,LMP-117,40.89635809883683,12.326420188098815,91.96681289155086,8.033187108449118,49.35458763120944,28.092913750754207,59.04143786240324,53.625304354086296,111.50278500315777,54.87026652269597
ID 1014 Year 88,1,118,LMP-118,38.42183707951013,14.493541612592228,92.23944508527715,7.760554914722832,47.34531775208047,29.617162869147936,60.1918035019433,55.28461937593015,116.58032488162888,57.05844143740987
ID 1007 Year 90,1,119,LMP-119,39.81435353365694,10.317973332488226,92.68412417419793,7.315875825802042,49.33061384840323,27.897479713343714,59.25157371035704,53.411224647110814,111.77461411151174,54.129400304490865
ID 1114 Year 90,1,120,LMP-120,39.542099492747354,14.182319798863455,91.09383035025897,8.906169649741011,45.83689346305124,30.01147934660338,60.615504082263854,55.70953082484833,120.18984892306501,57.44795875817057
ID 1075 Year 88,1,121,LMP-121,36.97191459881822,12.237954875364146,91.18537179676042,8.814628203239561,45.29443266289718,30.313943072322324,62.74181544776282,56.047071100946326,127.48335724304326,57.5846615126909
ID 1123 Year 90,1,122,LMP-122,39.01536628141841,15.796203855901656,92.42204791133477,7.577952088665208,49.72334802146487,28.630783570535066,60.051859356403426,54.20874354328292,110.87080263936197,56.91711582353245
ID 1136 Year 90,1,123,LMP-123,36.60165585093789,13.063152869658497,91.63938136934875,8.360618630651235,47.688482593788834,31.779412215347822,58.85107798312479,57.648811573248864,117.21403247713327,55.77150173159691
ID 1095 Year 90,1,124,LMP-124,33.582536692192775,13.518986650737991,92.84876621446026,7.151233785539729,45.724679549964854,30.34411620925842,65.3441071991735,56.085356731137836,129.52081359750136,58.642034434301806
ID 1100 Year 90,1,125,LMP-125,26.10064434978658,13.54105665388753,91.17518466532096,8.82481533467904,38.44546465914132,36.33698940365245,71.03107160584588,62.61896199112821,156.2143395056826,62.1348046647215
ID 1117 Year 90,1,126,LMP-126,36.235845882976946,15.408959115779464,91.19932451782356,8.800675482176432,44.06803087962726,31.31904512561191,61.71911543770902,57.14292661486881,126.21365314370743,59.56410446294319
ID 382 Year 88,1,127,LMP-127,43.48180137218522,11.879849967093875,92.6858439924032,7.314156007596777,50.18909347185688,26.139853560815766,58.10975469173554,51.48571664924509,106.33230781213081,54.42651661151079
ID 1037 Year 89,1,128,LMP-128,36.325472848026614,14.287788235087891,91.45701711403548,8.542982885964504,44.44604146103376,31.247214205220764,64.14315775532127,57.059010255252986,130.20177665605456,58.89292962434615
ID 1132 Year 90,1,129,LMP-129,37.52581210474247,14.848740386882795,91.66491792605936,8.335082073940619,46.16797804265866,29.297460345053004,62.422140676769914,54.941669431462365,122.86945711841922,58.09484282489119
ID 1097 Year 90,1,130,LMP-130,38.69083975968856,14.84538423468539,92.16841446759227,7.831585532407704,48.7150760724353,28.304952151316108,62.03148114952773,53.85567643109353,117.5164702407166,57.24884973108485
ID 1140 Year 90,1,131,LMP-131,45.815531678967055,10.558051581208908,92.36034682581507,7.639653174184903,49.77729694566314,24.4526561134552,56.94131888972754,49.64727464480866,106.0104726061452,54.18836901985081
ID 360 Year 90,1,132,LMP-132,38.75441408375714,14.007143606570999,92.093523332896993,7.906476667102995,46.98720194379141,28.887384641888897,59.80591078697577,54.48729796799127,116.10913009059797,57.12232493270501
ID 1067 Year 88,1,133,LMP-133,44.81065822339228,10.413632770079326,93.03127850205311,6.9687214979468814,52.71123905408586,25.256200306518593,53.424395741962485,50.526081425797315,94.16201672058077,51.73824966222925
ID 391 Year 90,1,134,LMP-134,36.2473611323925,14.31639119069612,91.74008803855583,8.25991196144416,47.258708863178185,30.3304985266644,61.46830464595733,56.06097892897316,119.30274900684225,57.77363461962818
ID 1126 Year 90,1,135,LMP-135,40.05269395130328,12.251097939373086,91.74319837566877,8.25680162433121,47.08502311012976,29.25914447983685,58.9437866480821,54.8902916180848,114.87446857539209,55.83536744681649
ID 1017 Year 88,1,136,LMP-136,42.14200420155931,9.92295948230213,92.09252629719927,7.907473702800714,47.98821197056115,27.645922295477945,57.05480924394112,53.12608410949916,110.6432886364571,55.129672807498956
ID 1047 Year 89,1,137,LMP-137,36.95721363517464,12.730569820688224,92.89330292171633,7.106697078283654,48.868164591599886,28.423038111633126,62.048858620924406,53.982047509570066,117.077181835655,56.253007052046094
ID 379 Year 89,1,138,LMP-138,42.980028998253076,13.674423248404453,91.80401233945672,8.19598766054326,52.488663218973414,26.727785345453025,55.96030482305595,52.13798893561085,99.1577597524573,53.74214520818734
ID 1124 Year 90,1,139,LMP-139,41.63229113172558,13.047974214856005,92.0330164480306,7.96698355196938,52.026672026012534,27.415491085464062,56.219499437642796,52.89105212556576,99.68659748986997,54.02953686422687
ID 294 Year 90,1,140,LMP-140,40.8336616923049,11.971316653944957,91.23919747839754,8.760802521602436,46.96196419119685,28.7419740023644,59.508601879084196,54.32574293532445,117.34755263267112,55.46885282634166
ID 1112 Year 90,1,141,LMP-141,29.346970184166484,15.825741834646315,91.13174993986297,8.86825006013701,37.793537331423735,36.06642939608822,69.1942527043702,62.31962790407667,153.88987067349194,63.32901155953533
ID 291 Year 90,1,142,LMP-142,38.08996775275776,12.923793333330018,92.27350286980678,7.726497130193209,49.205454823673364,30.32011340101713,58.431176075872415,56.05430285488771,112.25596743471338,54.5478274127056
ID 282 Year 90,1,143,LMP-143,37.4309852313885,13.053884739578255,92.99991447068625,7.000085529313734,49.25832134935176,29.258847853896555,59.30111591602251,54.89411745523166,111.06166281251403,55.5087440819613
ID 1108 Year 90,1,144,LMP-144,36.539686408855175,14.294098008577635,92.01666354152725,7.983336458472738,46.62819737812583,30.995985612528223,59.52007285357146,56.78489772511019,116.29750779409588,57.42621935694197
ID 1009 Year 90,1,145,LMP-145,32.365676812117215,16.006567263937583,91.95355342443331,8.046446575566677,42.561141817225064,31.722887744742696,67.06291178500368,57.5821681908983,137.34817801806,61.23199786660537
ID 1046 Year 88,1,146,LMP-146,36.03571650355758,14.523894342103993,91.65722967780229,8.342770322197687,43.67399888806632,30.935257629353057,64.88794318405375,56.72221283528768,132.78565041374702,59.49755654816718
ID 1104 Year 90,1,147,LMP-147,36.8404424306114,14.44416579325559,90.90473884927476,9.095261150725207,42.16654331183848,30.17410729581897,65.18288267124922,55.89055113169687,136.76829655538043,60.78461111923049
ID 1109 Year 90,1,148,LMP-148,39.3304993596649,13.829849580546567,91.80109465774827,8.198905342251718,49.525668805253275,29.522101596522848,57.22658980758419,55.183161145317506,108.393680885263,55.833732005680716
ID 1040 Year 90,1,149,LMP-149,40.29900506510337,14.281018554466103,91.45078107855667,8.549218921443302,48.97771563865018,27.897020402835874,58.743632564277995,53.412527747151984,111.35108051524192,56.66467435063673
ID 1070 Year 88,1,150,LMP-150,39.785109237821615,11.229708371513167,92.16455449367432,7.8354455063256685,49.400717869685245,28.53731924858969,56.80295651013301,54.10392132600322,106.43118206040589,54.50314557139913
ID 1045 Year 88,1,151,LMP-151,38.954191658480084,12.890003150160524,91.11445852297804,8.88554147702194,45.31901729290183,29.55580529679297,60.79551536470741,55.21524255068513,122.79398318852215,58.181193692156235
ID 1006 Year 88,1,152,LMP-152,38.940144894775074,12.506208435451274,91.51052513334827,8.489474866651717,46.75168146994865,29.82194175675913,58.23977436966808,55.507882402000035,115.54940429613828,56.37509313653598
ID 1065 Year 90,1,153,LMP-153,36.626896436879264,13.240946152401875,91.88957325775117,8.11042674224882,44.59761340267812,30.664421931856456,62.55529775945797,56.421713874689075,128.07208705387484,58.92291387297378
ID 1063 Year 88,1,154,LMP-154,38.224677696197716,15.435124549227073,91.4687334147664,8.531266585233586,47.274318974325155,30.874567479061657,59.06039975683656,56.65747873463454,114.9166408605999,57.82825355787499
ID 1137 Year 90,1,155,LMP-155,37.24097549743584,14.886280045817394,90.70157514183231,9.298424858167666,44.725768983779155,32.14529514516095,59.48607224065776,58.03539849727166,121.04412783235203,57.78710600955238
ID 1042 Year 89,1,156,LMP-156,37.47622427524662,15.424140786429724,92.02275312207571,7.977246877924269,46.40432289019024,30.221074187611645,61.788328310546696,55.934029337266836,120.02966793107112,58.64773077723301
ID 371 Year 88,1,157,LMP-157,40.46913568907246,14.617866435616577,92.65168859770738,7.348311402292607,51.08976617335264,26.68548748685015,61.004743857228746,52.08723181660906,109.14164030335215,55.80796484456438
ID 1015 Year 88,1,158,LMP-158,41.90735152191173,11.507745751397078,91.6617491473773,8.33825085262269,51.09774566345982,28.48530082326385,54.64209194775256,54.041308781859186,99.86811766299502,53.683511721505425
ID 1129 Year 90,1,159,LMP-159,41.08180560417199,14.463367583719869,92.21351029367601,7.786489706323975,50.251008543842815,28.79130733261946,55.841947759063906,54.38294000434627,103.09752405432482,54.752295521566175
ID 275 Year 88,1,160,LMP-160,43.069466188107214,13.053246836541154,92.16206753100428,7.837932468995698,52.42178142172435,27.121758183198168,54.654497649169784,52.57382976094503,98.12052126654075,53.02605664521749
ID 1010 Year 88,1,161,LMP-161,27.583398144107505,14.123575927835017,90.93226358409946,9.067736415900526,39.47298357650018,34.794548845522485,70.2163296373727,60.940814448246954,154.5156670858981,61.71587800054763
ID 1101 Year 90,1,162,LMP-162,45.120932821363425,11.907897758274494,93.08217476607462,6.917825233925363,58.46001840730916,25.598527053040797,49.172463036314035,50.91487570553396,76.78572845958134,48.26554697209369
ID 1127 Year 90,1,163,LMP-163,39.07728122912272,11.16767083019285,93.11769019708642,6.88230980291357,51.76521780201323,27.193050163125953,57.82816183007897,52.64452213639832,103.70177311209183,53.922328777329774
ID 415 Year 89,1,164,LMP-164,39.39672001844027,12.244755035244266,92.27865420045228,7.7213457995477075,51.17097829083585,29.20810120282621,55.75326534940166,54.84098609460705,102.0495774937938,53.57923150945447
ID 1099 Year 90,1,165,LMP-165,36.50079557852949,14.015896713386033,91.46058756323785,8.53941243676212,43.01647907176555,32.25912368571966,63.045999967833865,58.154601874390465,132.69085857928792,59.05231136684667
ID 1107 Year 90,1,166,LMP-166,34.85858280122143,14.106530575328067,91.92505263461118,8.074947365388809,44.58249487928424,31.77809667152304,63.44501960606617,57.643902611674115,129.3924734461272,58.744571440824444
ID 1118 Year 90,1,168,LMP-168,39.65110260725916,13.842071249138932,92.34518804416658,7.654811955833408,49.53614179001953,27.70756716146618,58.504941369205895,53.209771532261385,108.08247776551036,56.370507288578494
ID 1076 Year 88,1,169,LMP-169,39.695157901769974,11.308439906457002,92.71089200460024,7.2891079953997435,49.299114137433094,28.357692797343205,57.431632054586544,53.914881425143896,108.58823211783329,54.53079423864915
ID 1062 Year 88,1,170,LMP-170,37.87160186554366,16.4897553103075,91.79277444434038,8.207225555659601,45.755831303399795,30.60965937797834,61.78080905086203,56.36023898479441,121.58982250322165,58.88843896774916
ID 1080 Year 90,1,171,LMP-171,35.03135856457972,13.465752126255644,90.7642138180183,9.23578618198167,41.025662617232996,32.97465411957276,64.9312883637314,58.93452168199192,139.21895707392957,60.273126703716535
ID 1141 Year 90,1,172,LMP-172,33.11090518064964,13.420093641316182,91.98940465738282,8.010595342617162,44.5444394398135,32.99794694464863,64.20507139335851,58.97668945068358,130.8283566811819,57.62956006904305
ID 1139 Year 90,1,174,LMP-174,37.04396057961506,14.083085604318438,93.13787424167812,6.86212575832187,49.379955157401525,29.122697488271662,60.79781437082269,54.74451967336549,112.18838293323472,56.36507931710217
ID 1043 Year 90,1,175,LMP-175,35.16463767467886,14.655916491956779,91.93039744536057,8.069602554639413,45.382921280691,31.384264516372482,63.164122822494974,57.20960370970106,125.80313118830291,59.436598556502574
ID 1125 Year 90,1,176,LMP-176,39.370637562212096,13.28926734527164,91.44024355323246,8.559756446767517,45.70757694368804,28.561285937036928,61.5395750969343,54.13263126749859,123.6325777562192,57.641177739450725
ID 377 Year 90,1,177,LMP-177,34.98588355183014,13.957187520063107,92.64510245573702,7.35489754426297,48.98109439080093,30.0061763307345,60.498861493742936,55.70833666501046,112.7624305314167,57.11383646657768
ID 1032 Year 89,1,178,LMP-178,34.514482235456896,14.527397943849326,92.3330543667474,7.666945633252575,47.544672922224066,31.15534557579339,62.31553122745778,56.96725472196725,121.13009178291955,56.79343336901381
ID 1115 Year 90,1,179,LMP-179,38.05263950492726,13.571349144392109,92.16048576016127,7.839514239838719,47.25436619368115,28.678520709692236,61.75661754497446,54.26151359965479,119.72212384667341,56.54147401410787
ID 1081 Year 90,1,180,LMP-180,34.205253030377506,12.334978403060296,91.9570798708587,8.042920129141272,45.19363917724458,31.25321562478022,63.42425785014097,57.06459154091363,126.19192568148623,57.53022574715009
ID 1096 Year 90,2,201,LMP-201,31.114015389485886,14.961263964610737,91.42954129806893,8.570458701931049,39.750775097245885,33.73000953480626,70.09790883921457,59.7724737727864,150.6815890471824,62.19553584140328
ID 1129 Year 90,2,202,LMP-202,38.80962133690235,12.96088375286934,91.98099282237689,8.019007177623081,47.86805770203934,29.017736507043782,60.836154066421415,54.632215767740334,119.10833424403106,56.186020976511244
ID 1014 Year 88,2,203,LMP-203,33.8436512892159,15.957959243036619,90.63497377059298,9.365026229407007,43.504111676772,32.871604024246366,63.20084076962148,58.84409600585255,132.18920230926443,60.18299393478952
ID 1045 Year 88,2,206,LMP-206,30.263746761986766,15.397226952301034,91.17004035045582,8.829959649544158,41.0633020350254,35.700638599320605,65.6518859440115,61.92731979289721,142.5999077336995,59.723019941867264
ID 1062 Year 88,2,207,LMP-207,37.747351403104076,13.935274919246986,91.25860417625387,8.741395823746117,46.76089463430537,31.84080295226823,58.46952597156587,57.704386060396345,116.54442580277211,56.45917700408124
ID 1124 Year 90,2,208,LMP-208,32.60430256760405,15.79825647709395,90.94523663748583,9.054763362514148,41.60592636067,34.13929866868189,65.78164047682719,60.22649943025061,139.88075064609433,59.21250871978851
ID 1107 Year 90,2,209,LMP-209,36.784127722409096,12.635432169811596,92.3434217911126,7.656578208887389,45.7582959742826,30.701602217176436,61.56865612414805,56.46900659110922,123.4212872351841,56.27846369080477
HI-GEST 660,2,211,LMP-211,36.974324609417636,18.24741868727579,92.25932359290805,7.740676407091939,55.691887242883915,26.478934017993442,58.445916486893054,51.9100738065453,98.71416481899672,51.347231982877844
ID 1009 Year 90,2,212,LMP-212,34.266539010000734,13.605240831560558,91.01906561908197,8.980934380918008,41.05664190045161,33.255869043856265,65.02289893972198,59.2523036506945,140.34637232984693,59.71346745537166
ID 103 Year 88,2,213,LMP-213,38.73333286551053,12.319435260650996,91.86304619201435,8.13695380798563,48.64134164969853,29.112948610144016,59.67065982259177,54.73194715645771,114.61672977414884,54.43224438482947
ID 1007 Year 90,2,214,LMP-214,37.35277936620629,14.52814947534106,92.06102889081399,7.938971109186003,50.16064727127181,28.39927848021499,62.360116314560585,53.96393565370212,115.68012638472584,55.293823472312276
ID 1104 Year 90,2,215,LMP-215,36.454351095263014,14.9490692779872,91.13274374514609,8.867256254853903,44.7919826213571,30.727788133486065,63.654048393836455,56.50608218028472,130.96642713719615,58.973857354045244
ID 1110 Year 90,2,216,LMP-216,39.78137211283311,15.344479161703477,91.82127791048896,8.178722089511034,45.55619412121958,29.161419083983738,60.744002199083766,54.78362538581317,120.47905383424269,57.593414406668586
ID 1042 Year 89,2,217,LMP-217,40.67131058635893,11.312139658080135,91.65934717912475,8.340652820875231,48.3746729028805,29.52142697383029,57.32212614932099,55.17572886201986,112.93768403726278,54.79006637629883
ID 1046 Year 88,2,218,LMP-218,34.215783416965294,16.04306639244594,90.93700685315599,9.062993146843981,41.45834201972898,32.76393993047633,65.26682895824172,58.7106681828585,138.98684529377098,60.91715113775515
ID 1144 Year 90,2,219,LMP-219,40.006210681314265,11.62969795975734,92.93711184383353,7.062888156166455,53.83057390490748,26.904316012516414,55.9295859487887,52.33617848947303,97.6111592514149,52.726070401430434
ID 1136 Year 90,2,220,LMP-220,38.681246571214544,11.928243751239561,90.36936302550441,9.63063697449557,44.25505617456699,30.808807547464028,60.37828815885413,56.57756305851494,125.61819508934903,57.291615058530056
ID 1047 Year 89,2,222,LMP-222,38.27738960965701,15.182214462052945,91.63686310142843,8.36313689857155,46.38169277748163,30.3001624099568,62.04566337724192,56.01643272971041,122.29256633258802,57.7155013731829
ID 360 Year 90,2,223,LMP-223,35.99232967694145,14.495324928602813,91.06250773643865,8.937492263561335,44.576619816573945,30.608378467779985,63.99073394447608,56.36688012899628,129.8545642201496,58.90097736374825
ID 1080 Year 90,2,224,LMP-224,38.02947265656542,14.326891770918499,90.12452713960812,9.875472860391868,43.1540634598412,30.648705264442157,63.70350565138459,56.40434705066578,132.01784151249342,59.63238461426121
ID 1119 Year 90,2,225,LMP-225,38.11498278649397,13.305516963083637,91.23821473521,8.761785264789998,45.13476837384421,29.522563825107017,62.56185549757227,55.18457266522984,126.79335394824409,58.34419960576362
ID 371 Year 88,2,226,LMP-226,35.87297525328461,13.578987156060126,91.05770193118471,8.942298068815271,44.41749001220752,31.862229426206184,62.077157128210615,57.734172683519695,127.12839017749138,57.47497006205259
ID 1006 Year 88,2,228,LMP-228,35.74455685697835,11.48623299691532,92.77251507871011,7.227484921289882,47.37973817352834,29.582997083510325,62.19553776299577,55.25816127150249,122.71979401546616,55.55387874825398
ID 379 Year 89,2,229,LMP-229,37.42208609075411,15.4688737132944,91.32974393778832,8.670256062211662,44.99115610502756,31.21649078915899,61.69541254847428,57.0250219550629,124.46690670304977,58.823107790233635
ID 1109 Year 90,2,230,LMP-230,40.840597863124394,12.845006288417999,91.4272851782597,8.572714821740291,48.98843895029829,28.744526569034832,57.470047270561345,54.33979789508497,111.5751199493748,54.409073651983334
ID 1117 Year 90,2,231,LMP-231,41.042413712867415,15.60989207874325,91.57478289127044,8.425217108729537,51.008061876420484,29.395971797948615,56.25947068321461,55.047991947539394,104.19387536137728,54.240605315222965
ID 1137 Year 90,2,233,LMP-233,36.91825350706128,15.17720783725749,91.87117957155334,8.12882042844665,48.23291992902638,28.406471161137578,63.914157432591935,53.969568874501036,122.37797320176864,57.76822437252764
ID 1040 Year 90,2,234,LMP-234,38.15243217983098,13.383615269015756,91.7158854100206,8.284114589979385,50.30577374957768,29.322237256266558,58.77528113742265,54.96816619449683,110.49668626535777,54.437806307997526
ID 1114 Year 90,2,235,LMP-235,38.203078434323594,12.500998567810123,91.27196784214699,8.728032157852994,49.01218950520912,29.26410358498797,58.990694466819306,54.90108011331634,113.5492534718563,55.472854353443935
ID 1101 Year 90,2,236,LMP-236,39.13901425338328,12.790237705477534,90.74144836358215,9.25855163641782,45.73162866171029,30.4854968885385,59.8677444938755,56.22572108344629,121.12188842788476,57.18571854729542
ID 1075 Year 88,2,237,LMP-237,37.75817545454529,13.995922237320965,91.75590857509002,8.244091424909971,46.43264950716932,29.41584547168887,63.065317306765074,55.06423010522416,124.21014490089587,57.84909465898808
ID 391 Year 90,2,238,LMP-238,38.687979408810385,15.099526223116687,90.83354541125985,9.16645458874013,45.60859912214434,30.565636836366103,61.82709499221877,56.31543040002764,123.90479294820116,58.21494367852222
ID 1123 Year 90,2,239,LMP-239,35.50727137587724,13.144752422230868,90.96341936283223,9.036580637167761,44.87168937867,31.132884050845043,62.44254233949083,56.93694276101109,128.92471231874805,58.060271224328744
ID 1100 Year 90,2,240,LMP-240,34.35061620802243,13.350145858465726,91.26844798444907,8.731552015550918,43.87694434306732,31.57318074470627,64.02253343224626,57.418993382809596,132.34201613085855,58.03940495622351
ID 1043 Year 90,2,241,LMP-241,38.56697361095375,11.520506964465364,89.62427668523071,10.375723314769267,41.2144596852567,32.96138871267496,60.81601422204447,58.91959321487093,134.95142562199027,58.96111430582087
ID 1130 Year 90,2,242,LMP-242,33.066485078410125,13.883410440305948,91.98557449195701,8.014425508042972,46.034359591643735,32.09997085137975,65.49901143120576,58.010717119456636,132.44547790809554,57.489377983171444
ID 1063 Year 88,2,245,LMP-245,30.289944559009967,15.368261694213968,91.16196187805525,8.838038121944727,40.26950845166232,34.32560261268585,68.61850023758181,60.42559925565878,146.17655517307085,61.61347542893728
ID 1071 Year 89,2,246,LMP-246,36.64880650870366,15.111891593228695,90.6172949266294,9.382705073370575,45.296510267572934,32.42716685802074,59.9092837491479,58.344639245840945,123.28340278446532,58.17138069494216
ID 393 Year 88,2,247,LMP-247,37.63379299176806,14.088511414328053,91.85768039922158,8.142319600778396,47.260420048431,30.34140886510454,60.5480551317071,56.07308902820414,118.34649352624325,57.127851635922646
ID 413 Year 90,2,249,LMP-249,36.809289372950374,15.327133379647453,92.41249156204464,7.58750843795536,49.33856320289748,29.27555759667078,60.954523667509534,54.92200395489769,113.84492057534715,56.55024942427609
ID 1125 Year 90,2,250,LMP-250,35.47372348937053,16.617747451356443,90.73221216284674,9.26778783715324,42.65582606728496,32.226517537799396,63.03577777317268,58.1295472949605,130.3823676364339,60.106089021175556
ID 1015 Year 88,2,251,LMP-251,33.77195081680422,15.563756239864746,91.6416931589084,8.35830684109158,45.17042044245254,32.20245172702274,63.77565200903192,58.09661549726985,127.08880359992216,59.338131259095015
ID 1097 Year 90,2,252,LMP-252,32.68968252074629,14.982256288512904,91.26906515927621,8.730934840723783,42.37624724483884,33.42076879619384,66.60286187334219,59.429923591099474,139.7534871194979,60.257804342466905
ID 1067 Year 88,2,253,LMP-253,32.9413856103056,13.127246718734881,92.26505742736886,7.734942572631123,45.23407496081334,31.705231380543232,62.79212215103621,57.562938930337346,127.09300071085897,58.08347727599431
ID 382 Year 88,2,254,LMP-254,35.32205075528786,14.298060970107759,90.31545563469001,9.68454436530996,41.47978389288937,32.724166192091495,62.74854566432579,58.67267288465776,134.90411444997042,60.06780577483974
ID 289 Year 88,2,255,LMP-255,29.33160030251672,15.614188314152749,90.55676339417246,9.443236605827519,38.883125133952205,34.63016046920009,70.52737530043817,60.75046230300802,154.08111858008144,63.07373466005646
ID 1076 Year 88,2,256,LMP-256,36.78819482820508,12.25395157350757,91.0973420264139,8.90265797358608,45.21900269124554,30.57951648229711,61.31554184550943,56.336386436137346,125.30510256279527,57.19345695256297
ID 1115 Year 90,2,257,LMP-257,33.66718214265341,14.214040689123799,89.9005865244722,10.09941347552778,39.1263864240599,32.40193395965362,69.08158600731312,58.321315446000604,150.98492736251185,61.90636689223297
ID 1118 Year 90,2,258,LMP-258,37.331847793202215,15.11679151323879,91.19978486929655,8.800215130703432,45.91677796142034,30.30805510562685,62.673659056526645,56.03915785445383,123.18170189675561,58.82459900004647
ID 1031 Year 90,2,259,LMP-259,32.879403371513945,16.636488490098074,91.22745929683387,8.77254070316612,45.08460631328441,31.74443396446534,65.79764615697995,57.60737231889746,130.73387943680115,60.538561589186216
ID 1126 Year 90,2,260,LMP-260,30.553941205444097,14.457215283200982,91.65102605294831,8.348973947051668,40.04283510739991,32.31030938121378,69.8137309811936,58.23350916958469,150.67930071253443,61.81704821024282
ID 291 Year 90,2,261,LMP-261,31.63401222236981,13.246911478813422,91.06319118145305,8.93680881854694,40.73300453035583,33.82861872294419,65.2577720774764,59.8727444585624,141.78771188836265,60.776367836236446
ID 1120 Year 90,2,262,LMP-262,36.8823371592255,12.341216548550516,91.56383304187617,8.43616695812383,47.10916282305007,29.518290274421283,60.95081735482147,55.18002165603759,119.63993982114741,56.25186210744235
ID 1132 Year 90,2,264,LMP-264,38.06961593275862,13.845325251837664,91.08145437117389,8.918545628826093,48.664378586063485,29.489839005549765,58.92952456485547,55.15037978455618,113.88726310818208,55.92826106314636
ID 1108 Year 90,2,265,LMP-265,35.49902756895924,15.01943930230777,93.32223376129386,6.67776623870612,51.55594073974879,27.92412224697319,63.21411864655726,53.457375043332746,112.5216045644616,55.76897019178915
ID 377 Year 90,2,266,LMP-266,36.3047338262168,13.5267576340817,90.6358153312627,9.364184668737284,43.45648477467064,30.472443829483055,63.40929476226766,56.214127683411064,132.00019532001934,59.03655952114782
ID 1127 Year 90,2,267,LMP-267,32.480874058866405,15.0921644929013,91.0610294945096,8.938970505490381,42.661449894095696,34.60741140594426,65.00271467775116,60.72834366418175,137.18090140812785,59.543837160937684
ID 1139 Year 90,2,268,LMP-268,39.966035983178855,11.672031084163294,91.77754205181307,8.22245794818691,50.17919729343616,28.12280842582519,57.84173157188557,53.65659541811566,109.06559002469464,53.919131235584175
ID 1056 Year 89,2,269,LMP-269,36.254444553016135,14.333387649868879,91.5943808275001,8.405619172499884,47.337228967714864,31.75005808166527,60.31617089140293,57.61756173761687,119.25259879704682,56.03943159514336
ID 1070 Year 88,2,271,LMP-271,36.60382774341211,15.051463657510364,91.38459134171262,8.61540865828737,46.41245897910049,30.403978880270174,60.34472139971817,56.138792624325305,118.30460127113577,58.53008859372479
ID 1140 Year 90,2,272,LMP-272,32.105666052679524,16.208584179536075,91.44480900186713,8.555190998132865,41.2961773082275,33.39429342143926,69.33168264330446,59.41360792660182,147.02490674850952,60.61038748186909
ID 1081 Year 90,2,274,LMP-274,30.724579832427246,13.86423844338693,90.80062913550127,9.199370864498716,38.12724079739844,35.60579917106294,68.50635141916041,61.810102967109515,152.42264240332534,61.41904990204687
ID 1095 Year 90,2,276,LMP-276,35.42477304916043,13.505337250691728,91.42443856196776,8.575561438032222,45.9185741593335,30.55116133157457,62.48375781015912,56.31023112430276,125.1658331383639,57.85668963093043
ID 1032 Year 89,2,277,LMP-277,34.29759867856555,12.231776765596862,91.76709988300142,8.232900116998568,43.59889809525035,31.357747112729367,65.43204762158004,57.190616839649586,135.67687845059731,58.7639876210715
Kura Clover,2,279,LMP-279,39.900799439320195,15.214152826543646,91.88918314517929,8.110816854820687,55.83318741418699,24.548439503803003,54.899951355862555,49.789051600884775,91.54814727017174,50.97255825264834
ID 1143 Year 90,2,280,LMP-280,42.18101275384674,13.20362057132396,91.25002134602222,8.749978653977758,50.43310475701736,27.19206150707021,57.19388907509977,52.64757936227757,106.62246682071736,54.48112499919891
ID 1062 Year 88,3,301,LMP-301,38.096406116858425,9.949297622914596,91.51839191727383,8.481608082726153,42.1253194392389,31.672544451273538,60.30272162557024,57.51248952384192,129.881336455694,57.74558745366474
ID 1076 Year 88,3,302,LMP-302,34.95219585303856,14.383500874068863,91.53525753758757,8.46474246241241,43.58727825890314,32.39836116080611,63.06799861880032,58.31328429800821,129.87018280927163,59.20733301107211
ID 371 Year 88,3,303,LMP-303,34.10122065433924,13.022468396812924,90.79025252551426,9.209747474485727,44.377212977749494,33.052071413481514,61.67962385049272,59.026440209624354,126.58894236604148,58.23437444578567
ID 1130 Year 90,3,304,LMP-304,36.962588830123934,15.055019219943127,93.08025472190687,6.919745278093126,50.57262650434021,27.82282767837638,62.16182848544955,53.33572211126615,113.80248621229268,56.38993029401948
ID 1045 Year 88,3,305,LMP-305,36.928187770614194,13.139409088886563,91.9831737275174,8.016826272482586,49.1745723350128,30.287438778306907,59.289223045249884,56.01725551701864,113.28609613234505,55.457088047203925
ID 1114 Year 90,3,306,LMP-306,31.673614610484602,13.940930186754091,91.31778903972415,8.682210960275839,43.56896869713593,33.12830150344227,64.96174802135693,59.11768338041282,135.3941874115003,59.262404361305684
Kura Clover,3,307,LMP-307,38.00725361110477,13.184830426393248,94.57961990478447,5.420380095215516,58.96184724418358,22.97668295152375,56.7611536729639,48.077370264845385,87.64952528975103,48.605438593063866
ID 1043 Year 90,3,308,LMP-308,37.09420260202526,14.763594742823258,91.72730856795725,8.272691432042732,47.232494601139834,31.68884357219981,62.54413781489163,57.554561245402425,124.50260954737365,56.15402019253217
ID 1108 Year 90,3,309,LMP-309,43.62419533856152,9.619625191223475,96.12346336601425,3.876536633985729,59.45044911287334,21.14205172729196,54.03620165318627,46.0576838774261,80.41475993775829,49.00703911656797
ID 291 Year 90,3,310,LMP-310,33.62389193270252,13.90890245192234,91.37674718563817,8.623252814361823,43.635434594918436,32.60939805047432,64.21340150154023,58.54502436919084,133.8933124087634,59.15639303138846
ID 1109 Year 90,3,311,LMP-311,35.55097206352658,15.115610742650293,91.54619721089585,8.453802789104126,44.62407102488187,32.18953086850178,61.33698062020149,58.08958101778167,124.24087243940212,57.70541782735041
ID 1037 Year 89,3,312,LMP-312,35.82051353137824,15.004677761181277,92.16318983879837,7.836810161201612,46.593197647215405,31.656701649789397,60.58655878045808,57.50536519733275,118.65775720893495,58.01248645687518
ID 1014 Year 88,3,314,LMP-314,37.05702557083458,13.576268148349797,90.81134141687569,9.188658583124287,44.329700470984335,32.36829723566913,59.7302449458942,58.28004313752042,124.8851000354247,58.066757322034476
ID 1143 Year 90,3,315,LMP-315,31.037289118955584,15.33883059201835,91.04143469789994,8.958565302100052,41.24750125694551,35.14498709151369,65.5082039228221,61.3194844107961,141.13123030627497,60.390441236356665
ID 1017 Year 88,3,316,LMP-316,40.680900411682835,11.767110513584246,91.955647045604,8.044352954395997,48.111418746489456,28.236910656703483,58.143147179191686,53.77330528440084,111.54691022283376,54.95650810271543
ID 1137 Year 90,3,317,LMP-317,36.95356390569157,12.835597749304863,91.18559306825054,8.814406931749431,43.31763099541037,31.874659677717275,61.401666068051796,57.74267115208691,128.24868501906826,58.03808920288704
ID 1101 Year 90,3,318,LMP-318,35.17922192721386,14.03304349104588,91.60426703941076,8.395732960589221,42.425606352050906,31.556346383394214,65.79412414882205,57.40244857454233,138.48693619193725,59.061295010817524
ID 413 Year 90,3,319,LMP-319,40.65031415871576,11.845914690392988,92.45677477264888,7.543225227351103,51.75461993424082,27.445896663709824,55.395568438209494,52.91934197981464,100.52758384418331,53.849860740395954
ID 360 Year 90,3,320,LMP-320,35.936238553044966,13.885066220692153,91.7806211373792,8.219378862620779,46.94983613383647,29.684374025431588,61.56537503717608,55.37014249333745,121.51621317977241,57.52456216594844
ID 1097 Year 90,3,321,LMP-321,38.76252969352376,10.331865376053255,91.76468642590912,8.235313574090867,49.04102376559885,30.26154171825745,56.81830415492398,55.98573384477109,109.05112940439969,54.496178098296994
HI-GEST 660,3,322,LMP-322,40.95271220178765,13.810832567734334,93.86978773656631,6.130212263433669,59.54430069591761,22.624128684014593,54.722585990519804,47.68885980907682,82.55718437030234,47.519597598560665
ID 1132 Year 90,3,324,LMP-324,30.91528323078056,13.639657677320187,91.68024434536093,8.319755654639042,42.985104957196945,32.20770964819732,67.64069636237627,58.11698095026229,139.94669723146257,59.28886427597227
ID 1123 Year 90,3,327,LMP-327,32.55477021427256,14.182115161547316,92.05012151927806,7.94987848072193,41.99358358218347,32.484588533401464,67.4986959147327,58.40166951305655,141.3290386437809,60.363360124261305
ID 1070 Year 88,3,328,LMP-328,35.24130476199693,15.229968932254744,91.26061065497831,8.739389345021674,42.84493668421318,32.54384061587636,63.70986824394039,58.47324007093613,133.3815682236974,59.959472513315816
ID 1056 Year 89,3,329,LMP-329,34.12859723977885,15.570565511704238,90.91281568132919,9.08718431867079,41.8194712002944,33.14642747864587,65.002523445138,59.13448367640798,137.18230299826413,60.217854052553854
ID 1099 Year 90,3,330,LMP-330,31.39591892777918,14.648232949830646,91.96168516935987,8.038314830640118,43.57134246330784,32.24232588367599,66.7717651128354,58.15396534442654,137.009049786738,59.58302451254012
ID 1100 Year 90,3,331,LMP-331,39.75407695856563,13.614434533050183,93.24841261919948,6.751587380800494,51.14118826050105,28.41509053072535,57.697416342459846,53.97510568226761,102.87924325597274,54.09750170034427
ID 1015 Year 88,3,332,LMP-332,34.632091692205385,13.095792631746502,92.50663744210524,7.493362557894731,46.36742726664137,30.924718118666405,62.112431269638705,56.70677202699997,122.95923672011679,58.139332634862726
ID 1075 Year 88,3,333,LMP-333,38.92920833492168,11.227737854350325,92.81022084880604,7.189779151193951,51.01185581689464,28.029862222146885,57.05963368631325,53.55068216563588,103.64745471811179,53.95935909880258
ID 382 Year 88,3,334,LMP-334,34.75847117102259,12.239288032613235,91.36529758150502,8.634702418494957,44.79342537232751,31.59809821722956,62.972467233023664,57.4425525308251,128.76576126442808,58.42197752963224
ID 1144 Year 90,3,335,LMP-335,30.58448322624672,13.365071762742357,91.46643543843695,8.533564561563043,39.24591622649659,34.12141758763707,68.19038772162224,60.196112750287995,148.7474238677383,61.73045683000091
ID 1140 Year 90,3,336,LMP-336,36.857352807786285,12.075014580509388,92.44570589158636,7.5542941084136235,48.99486542593489,29.922168177201524,59.97413698059977,55.61935235641563,114.45632202293476,55.15321978172322
ID 1117 Year 90,3,337,LMP-337,32.44786593445533,16.044256776113215,92.12518400207647,7.874815997923525,44.19496473158703,32.37716351024201,65.16341892198282,58.297559628808486,131.91769733339692,59.52901655221285
ID 294 Year 90,3,338,LMP-338,31.690866378490508,16.360800852005767,92.08963636493897,7.910363635061014,43.84529999275419,33.10083487031878,65.27420583486033,59.08367553450421,132.0105681474662,60.59695108550888
ID 1032 Year 89,3,339,LMP-339,36.32871179420309,13.737422859075991,92.24660482089581,7.753395179104175,46.6004265878496,29.59848242932466,62.39844565985905,55.2699047574676,123.48058793571876,57.266110312470744
ID 1065 Year 90,3,340,LMP-340,34.33653537939847,15.033572225485067,91.63840880478668,8.361591195213316,44.403590848123386,31.895666324341633,65.24056758785181,57.76925286404587,132.76183126072,59.245275077396606
ID 1111 Year 90,3,341,LMP-341,27.487481033801267,13.133774903433501,90.40101624355226,9.598983756447716,35.9371044846598,36.72128691791541,73.25597920556416,63.037256071310466,168.3742975169169,63.881801322719696
ID 1095 Year 90,3,342,LMP-342,29.971677058470952,14.850154341291871,91.05557818658917,8.94442181341082,39.80922390660554,33.36070156995578,70.01434600968784,59.365274737614826,149.6534741077447,63.24857667299945
ID 1042 Year 89,3,343,LMP-343,34.69016634864715,12.357944598334319,90.64765586487798,9.35234413512201,41.50778162321888,33.157320935728265,64.69578524127641,59.14153059980582,138.47298256740294,60.352320582912
ID 1124 Year 90,3,345,LMP-345,32.210002250128795,15.329212268824293,91.28841726832337,8.71158273167661,39.61458316834186,34.0837653870757,68.39171166756576,60.16123360669974,148.7150176578698,61.659247836635984
ID 1009 Year 90,3,346,LMP-346,39.706185889679176,12.81634746252326,92.67486667963803,7.325133320361963,49.86692512710688,27.90701771520029,59.127743178075534,53.41686252518676,109.93446257470728,55.35885916772773
ID 1081 Year 90,3,347,LMP-347,31.811957443956373,9.980480503485287,91.56046814085644,8.439531859143536,38.00938431874523,32.06915932232158,70.88510627279194,57.951707054837684,157.11984935665743,62.77048458911724
ID 1139 Year 90,3,348,LMP-348,33.66560502281271,14.128868833108061,91.6381250502671,8.36187494973288,42.50911278502103,31.942727808208772,66.94137489593325,57.82141685043741,139.54996878498739,59.994066000045535
ID 103 Year 88,3,349,LMP-349,38.61971941108611,14.872191843523426,91.82281081721162,8.177189182788364,53.32174551033006,29.093132717963975,56.393392384074815,54.72168564856611,98.28486704242032,54.3640850573216
ID 377 Year 90,3,350,LMP-350,33.27424563498622,14.55171469373893,90.71268680592874,9.287313194071238,43.27380626991099,32.05697924016478,65.7868870457014,57.949522009243395,137.0637208611356,59.129611719770246
ID 393 Year 88,3,351,LMP-351,35.84449528365695,15.355908058945825,92.5662913321055,7.433708667894496,47.23306556936968,31.391668534999443,61.51870097413983,57.215889482336266,119.65073908425768,57.63109413586449
ID 1127 Year 90,3,352,LMP-352,33.90534151576073,15.530624853478628,93.2229814326889,6.777018567311082,47.971697403618535,30.28793211691041,63.74426831863304,56.02524831893592,120.54380409080383,57.86617086173554
ID 1112 Year 90,3,353,LMP-353,35.88595920525194,15.321061849071555,92.04135694838841,7.958643051611567,48.88911166572848,30.713265601801318,60.533566569027556,56.48058529119212,112.78097082421398,56.75959998785284
ID 1096 Year 90,3,354,LMP-354,37.86691849384982,15.647517241559251,91.51724768000621,8.48275231999378,49.18215740765889,29.531294453170354,60.24114610423389,55.19571483741288,114.02148255595199,57.34510633880802
ID 391 Year 90,3,355,LMP-355,40.25197438154571,10.955434546875486,94.21392023929921,5.786079760700773,51.42154858026801,24.73399502023325,60.278420242288504,49.96085700770994,106.88895393533402,54.716534304974616
ID 1047 Year 89,3,356,LMP-356,36.69541403945838,11.86203071525048,91.05300719849348,8.946992801506518,45.032945576022406,31.780250870847336,60.73400884031149,57.641997755451115,124.69438158022754,57.6275752725719
ID 1063 Year 88,3,358,LMP-358,38.282280854934726,12.809339202155229,92.26866177611743,7.73133822388256,49.638742393450315,29.842185158360856,56.437550196455824,55.53495225589812,106.60287487400464,54.838677123261576
ID 1107 Year 90,3,359,LMP-359,36.50981205910536,13.937569055372713,92.18006323455845,7.819936765441547,47.66895749306122,30.675936565763305,61.267987231247744,56.44359223316966,118.71184744549583,56.85295508462775
ID 1046 Year 88,3,360,LMP-360,42.309233274918874,13.237480179199423,93.16767836692853,6.832321633071457,55.62169912718434,24.59384174840379,55.64830119050584,49.81469022058954,92.35740987036974,52.66003215522586
ID 1067 Year 88,3,362,LMP-362,34.94042907293061,12.298918849056808,91.52556283326896,8.474437166731008,44.91410220353592,32.22649542103397,60.27225283123746,58.12404181738002,122.38457256694122,58.447207357541785
ID 1080 Year 90,3,363,LMP-363,27.241499286534648,13.301617032908318,90.74811330816613,9.251886691833864,35.73009477911637,36.08376498161435,72.50777447967518,62.32461685419467,164.14324096655605,64.40822182024803
ID 1010 Year 88,3,364,LMP-364,36.358217519150585,11.50332179645962,91.17410357626568,8.825896423734306,44.47886105800934,30.078967769283913,61.42556423369292,55.789005890364535,127.67783898534844,57.772181776158426
ID 1104 Year 90,3,365,LMP-365,31.261985610235207,13.755536667218857,91.71194386944396,8.288056130556036,42.12594889456589,33.08925189331542,66.9786241377958,59.06569896701247,139.47399989932788,61.3753783709716
ID 1129 Year 90,3,366,LMP-366,28.992842250007584,13.08650924942187,90.19140039421984,9.808599605780149,35.3882110114606,35.17836965593406,71.76504982058198,61.34221640608068,164.61556677499868,64.69320056667108
ID 1007 Year 90,3,367,LMP-367,41.24063967656437,13.206704001954142,91.51061477167787,8.48938522832211,49.83456552885904,27.839156064178596,58.47797734835769,53.35148963912411,110.07940669116289,54.564081785025664
ID 1120 Year 90,3,368,LMP-368,38.32583499862669,14.11329728965188,92.93835516284956,7.061644837150428,50.71107723135965,27.157584826755095,60.597327958178276,52.61240405177746,110.46024141329875,55.72438776935822
ID 1141 Year 90,3,369,LMP-369,35.555704466542736,14.909930650342943,91.99692627447571,8.003073725524274,46.49313141543337,31.635944517544058,62.23711750061932,57.49226270987906,123.06693770008044,57.49964298375143
ID 1040 Year 90,3,370,LMP-370,33.735426697837525,14.908187893983092,91.007475617792835,8.99252438220716,45.29555734344005,33.55906019629369,60.745853024361224,59.58667566417121,123.33612876683938,58.9908505025834
ID 289 Year 88,3,371,LMP-371,33.73911464128318,14.319059568081506,91.49081955650402,8.509180443495964,43.11633819750056,33.332629428825044,63.93522796744912,59.33049001218259,133.0510015529485,59.300652321007796
ID 1071 Year 89,3,372,LMP-372,34.11056667574367,16.109787510145043,91.58961769201488,8.410382307985108,43.84162395306437,32.26964669407934,65.0581517273732,58.17094868984834,132.6247070770179,60.60829769941761
ID 1126 Year 90,3,373,LMP-373,36.87502266491134,14.282941696554643,91.58863130176167,8.41136869823832,47.94082921194895,31.129692739777468,60.010681216904715,56.93573031473276,116.7877356936071,56.82897377895467
ID 1136 Year 90,3,374,LMP-374,35.919952364684455,13.827452033281249,92.11146774138689,7.888532258613088,46.735475111889826,31.658152101156876,61.50400824310309,57.51171889111022,121.61922475954393,57.25719836540592
ID 379 Year 89,3,375,LMP-375,36.83968373704178,14.138659854025919,91.75921624619623,8.240783753803754,48.96903102464834,31.24079305576073,58.761108378240756,57.05034176025764,112.39421471466173,56.535549131784435
ID 1119 Year 90,3,376,LMP-376,36.92613777729374,16.41199091251452,91.39815269881531,8.601847301184675,51.08435758892146,30.562495832641495,58.44191145374964,56.323519661607406,107.60449438085801,56.22633925771777
ID 1115 Year 90,3,377,LMP-377,37.170003624952074,11.76300287392156,91.40446564817312,8.59553435182687,46.01354276246704,30.548052027056123,60.369068736346804,56.30115176832432,122.7993416798155,56.84016023358119
ID 275 Year 88,3,378,LMP-378,38.60442467083381,14.770451278284751,92.91588086729806,7.0841191327019155,50.67756410205517,28.123939680828798,60.550833681206754,53.656035153937154,110.30841372903936,55.88502612300374
ID 1064 Year 89,3,379,LMP-379,33.6008148448702,14.042076124671619,91.95122873339486,8.048771266605122,42.239103192115316,32.177496655894416,65.22119634744051,58.069981004467046,136.75970772565623,59.17356676769111
ID 415 Year 89,3,380,LMP-380,39.904053181308534,11.222201844567184,92.68480279641435,7.315197203585638,51.29858687781599,26.87806471933175,58.78220319574616,52.3016834983636,107.22921852338273,54.227510234654574
ID 1143 Year 90,4,401,LMP-401,33.86236005754049,11.355124185145126,91.59469331312887,8.405306686871107,46.88397063652762,31.0398367112669,62.56809893363771,56.84048881872191,124.92924136382629,56.10489101054887
ID 393 Year 88,4,402,LMP-402,37.14765051696173,11.38134899244714,92.38264573482317,7.617354265176807,44.18118138479357,30.053616419203244,62.93661394971133,55.750978016171416,128.48038511657163,57.592254744376405
ID 1063 Year 88,4,403,LMP-403,29.94302702791337,14.320368332950824,90.6739942188254,9.32600578117458,38.692828384255925,36.23944728984391,66.0988342410034,62.50870527840752,145.75635174434237,61.86155552725765
ID 1137 Year 90,4,404,LMP-404,36.33760641815898,12.45247368543653,91.14612454501017,8.853875454989817,43.13204675740275,32.631343761607525,61.577708256916694,58.56402189358244,130.13232486551405,59.009871987934325
ID 1070 Year 88,4,405,LMP-405,34.646300263317514,11.42747159814426,90.95317407389973,9.046825926100254,38.9762312505197,32.5992872271116,64.98751111698913,58.523926263775316,143.76042795261446,60.29175081155209
ID 1045 Year 88,4,406,LMP-406,30.272658666029717,13.30480770961544,91.49838055031036,8.501619449689628,42.1510847809014,34.83241223718374,65.29294506409764,60.973263470947536,138.5190531268574,60.059610631300764
ID 1095 Year 90,4,407,LMP-407,36.08914102824281,15.495700504867727,92.32934397849623,7.6706560215037625,48.2759424210003,29.430386525566448,62.880928542221284,55.085216259732974,119.1056468502235,57.54538770128248
ID 1117 Year 90,4,408,LMP-408,35.62416972792991,13.50578311996113,91.1382308864753,8.861769113524677,45.68061617427587,32.118104677232104,61.16159568551518,58.01056440522339,123.20136277576236,57.309705842266986
ID 1104 Year 90,4,410,LMP-410,34.11529326526929,16.020496888280515,92.08803608383653,7.911963916163458,47.16204214551783,31.21966929057207,64.32955911238591,57.03399254278777,123.35816157387345,59.390491288251695
ID 1120 Year 90,4,411,LMP-411,37.15645505812096,15.151364980488616,92.35337091761058,7.646629082389411,47.435325801878975,29.271399272125226,62.22099639200101,54.911666365870204,118.26446492936566,57.363637202115896
ID 1037 Year 89,4,412,LMP-412,34.962964426084035,13.64966093824767,92.92726398953076,7.07273601046923,43.22402408256569,30.02836036063682,66.42687548012753,55.72918134162429,136.4747810740983,59.817951239914635
ID 1119 Year 90,4,413,LMP-413,40.21568862490851,12.858245575927903,93.12242712942988,6.877572870570109,54.90626491495649,27.946230681876436,55.93478825802045,53.47618554910942,95.36783534426921,51.714033832071536
ID 282 Year 90,4,414,LMP-414,27.96701087657093,15.11353452379884,90.59345957921764,9.40654042078236,40.19778034021892,35.97565233624195,68.2794514979609,62.22292824798409,147.23670832653568,62.321289658168766
ID 1014 Year 88,4,415,LMP-415,39.639207087786126,12.20156443344833,91.63674660983159,8.363253390168385,48.356853509405624,29.008772108940498,56.09739995209173,54.617493378892405,107.66866681676095,55.45056907880393
ID 291 Year 90,4,416,LMP-416,36.32476709610961,12.561489542962285,91.74473400882695,8.255265991173037,46.668746698669736,30.809141905295228,60.83181887414594,56.58332751319311,120.66612814544185,56.66730670494967
ID 1125 Year 90,4,417,LMP-417,33.97429120943474,12.912631085376328,91.10899131480988,8.891008685190098,43.33440455595074,32.30887176609882,64.56850487645235,58.221259756100025,135.47476666931425,58.5597199782608
ID 275 Year 88,4,418,LMP-418,39.2643208618057,13.557585232490139,91.58729177669971,8.412708223300267,48.6238734510745,29.314870722617002,58.188361454655265,54.950917152924134,111.40458430981653,56.21762661487738
ID 1100 Year 90,4,419,LMP-419,38.447455915221084,10.91746055163238,92.4382537522924,7.561746247707585,49.54709709697215,29.328660554426392,58.47406367809795,54.965355214489605,110.24021612232622,54.49804706527664
ID 1076 Year 88,4,420,LMP-420,41.57919160115257,10.064927059300334,93.88368768367945,6.1163123163205295,52.269858567400476,25.34428222343755,57.2780381117642,50.626311838780815,101.97063574000015,52.615692531142585
ID 1009 Year 90,4,421,LMP-421,25.75437228241875,12.568468099328925,90.61384786327821,9.386152136721774,35.698507964689036,37.20300253953961,71.964760331491,63.55815840979109,164.87834499906458,64.11014321396351
ID 1110 Year 90,4,422,LMP-422,40.79300626178744,10.464243267949644,92.969515056099425,7.030484943900564,51.33158096709897,27.124482468973138,56.79603093065281,52.57176616712748,103.88411171455891,52.80796369088711
ID 1114 Year 90,4,423,LMP-423,32.43867378056551,14.032071115285017,91.45780947564718,8.542190524352804,44.296586264502835,32.843342535185165,64.03356989237918,58.801873548401844,130.85066930514523,59.538792297055174
ID 1071 Year 89,4,425,LMP-425,36.024282176779565,11.382804728183082,92.14283129732462,7.857168702675358,46.42318770613757,30.916515693067787,60.8924768397116,56.69649730367606,120.97184587926668,57.01759751136922
ID 1032 Year 89,4,426,LMP-426,36.24827477851832,12.493269961863113,91.6782031002617,8.321796899738278,46.36617961154283,31.955317895462585,60.88294931814727,57.82728870456147,121.85367661806768,56.72801499059646
ID 1010 Year 88,4,427,LMP-427,38.27829474940674,15.643405039244552,92.15735307285419,7.842646927145804,49.53787603373168,29.44114068030505,60.50096678427869,55.09447404373557,113.83096612008944,56.582650320697304
ID 1097 Year 90,4,428,LMP-428,38.81019254943003,14.435454263340741,91.23981289844014,8.760187101559845,45.9319468330609,30.936207421420903,60.27213115367658,56.71632868385204,120.85907515312718,56.982542816772416
ID 1007 Year 90,4,429,LMP-429,40.30315044677719,11.802665748192318,92.93767327776916,7.062326722230819,50.92887896384909,26.88282848551345,57.621723543882325,52.31153852264021,104.63994100312897,54.078900329976584
ID 1081 Year 90,4,430,LMP-430,38.540883763089255,11.448500542350843,92.24921844930057,7.750781550699408,48.54257598446361,29.164228295640378,58.902550893541125,54.784767453177324,113.16669878885074,55.695985685580425
ID 1064 Year 89,4,431,LMP-431,27.444303720891142,18.854484084944765,91.35077762401579,8.649222375984206,40.67323604550684,35.85896717342041,71.87972922875687,62.1128489648673,154.18282102062716,61.959815557362134
ID 1129 Year 90,4,432,LMP-432,35.85036652308196,13.116435262399168,93.08313435157709,6.916865648422897,49.10443928906284,29.545002196230307,61.04822857897149,55.204982691578756,114.85631004830766,56.51901709115201
ID 103 Year 88,4,433,LMP-433,41.46592989894232,12.969974275581833,93.15285789025434,6.847142109745648,52.10858807709846,27.07938704575701,57.97099822046744,52.518424294159146,102.71236207436,53.332704557075196
ID 1040 Year 90,4,434,LMP-434,40.05367900631289,12.508570691531322,91.35175306177115,8.648246938228834,50.491579921564835,29.63990702546097,53.96640155573189,55.310855091957265,101.15951955307088,54.43145271106352
ID 377 Year 90,4,436,LMP-436,37.44384088527655,13.581543261522349,91.61247368834866,8.387526311651326,45.598052038522056,30.57462276198627,62.31273044192195,56.328338905484635,125.62702755342502,57.32921535405376
ID 379 Year 89,4,437,LMP-437,38.8182051442691,11.394334037697908,91.9282517839141,8.071748216085872,48.230577262921166,28.467346170031615,58.66140140796886,54.02979804115401,113.77364570353728,56.31024514892327
ID 1101 Year 90,4,438,LMP-438,40.7103349793998,12.057207885187065,90.77181790456126,9.228182095438715,43.20167866959979,29.322790539107217,60.85732186179776,54.9563859073369,128.42056210644196,57.00271439121482
ID 1130 Year 90,4,439,LMP-439,39.01185138863906,12.21549155731484,91.50594767451699,8.494052325482997,49.52537727460955,29.97253340830558,56.23402288342498,55.676846251192075,108.13914241385407,53.99376854139922
HI-GEST 660,4,440,LMP-440,42.960762014615185,15.35468089030569,92.36054815387931,7.639451846120685,59.3271365736029,22.36078924253522,54.262050490613916,47.40561745277311,82.67495330892959,48.63640162955082
ID 1065 Year 90,4,441,LMP-441,34.60105864014242,11.914434286641955,90.13837067956945,9.861629320430534,42.347338668430666,33.76971752055633,62.68032420128249,59.80678389189655,136.01263073887904,58.988242428205965
ID 1112 Year 90,4,442,LMP-442,35.232987829896445,12.657951041312193,90.34199854032762,9.658001459672358,41.65494835362311,31.22663199571992,65.51254379617544,57.037505333699215,140.5169997989322,60.45321836589678
ID 1136 Year 90,4,443,LMP-443,39.59524561575752,13.567982392979246,90.51876361352727,9.481236386472712,44.326866016333085,30.743661923183282,59.36716960033877,56.50911086926776,122.98236378580626,57.74908767200964
ID 1109 Year 90,4,444,LMP-444,36.886185612372046,12.213400669701992,91.29382798096506,8.70617201903491,49.10507798503146,29.636066647296733,60.52021130695735,55.30984338237952,116.01444862072691,55.63930275553202
ID 1062 Year 88,4,445,LMP-445,39.80547086751419,10.973186353656079,91.84527391841327,8.154726081586713,49.9653084868778,29.453723203371084,56.39837548551124,55.1057391766832,108.15305969521249,53.952557845235795
ID 1108 Year 90,4,446,LMP-446,42.803001418399575,10.82182942372313,92.67535489216203,7.324645107837961,54.173167539207995,26.14187655404949,55.02940800584901,51.49508276351455,94.23599008950822,51.48742769995491
ID 1075 Year 88,4,447,LMP-447,37.54065176406641,12.372428807798702,93.33974960432434,6.660250395675652,47.860306115465015,28.198277516696507,62.30940861130881,53.738661048038,119.15050386798276,56.36785214097183
ID 1047 Year 89,4,448,LMP-448,41.40644905539177,12.112394414835956,91.85162147603171,8.148378523968281,48.83007845969179,27.781766416134467,58.226023847319624,53.27790854015691,110.7234938897792,54.76832798886339
ID 1096 Year 90,4,449,LMP-449,38.987607644248314,13.073744398716746,91.9802251396197,8.019774860380275,47.778136984189366,28.18996161437304,60.20818504225623,53.729334385431926,116.19549127851946,56.05595023291186
ID 371 Year 88,4,450,LMP-450,35.74699722745829,15.021466992493764,92.15004963809932,7.849950361900675,49.98992365886993,29.506636137461435,59.68523436342371,55.169936518065725,111.0509659152048,56.39827735554605
ID 289 Year 88,4,451,LMP-451,33.524632974079736,12.724668271906179,92.21323799685626,7.786762003143716,44.08245565075278,32.430975828593105,63.13128827350863,58.35018288454545,130.24509261377213,58.331393877817646
ID 1107 Year 90,4,452,LMP-452,35.85419875425109,14.241584060173947,91.2838994295085,8.716100570491488,43.97218929206137,31.690735145129636,63.275399521321305,57.53877234971675,129.60176962825153,59.03582944499749
ID 1132 Year 90,4,453,LMP-453,35.134481989243284,14.224462579801699,92.8836777390045,7.116322260995488,51.227977531048055,29.933516927013955,59.846215743020956,55.63930202198416,108.71080007116726,55.59392460032996
ID 1118 Year 90,4,454,LMP-454,37.59871607408877,13.45627386643469,91.5928037790926,8.407196220907375,48.11511814673084,29.6913418250462,59.11462113397847,55.36872771171979,114.04912184850248,56.187315197204015
ID 1042 Year 89,4,455,LMP-455,39.5360836854117,10.668053365837654,91.99461972076102,8.005380279238956,46.13627595655478,29.213823073331994,59.62553971197451,54.838976880572375,119.36488753108652,55.696926861865904
ID 1141 Year 90,4,457,LMP-457,38.498511715148254,15.510009629165507,91.53240570731475,8.467594292685224,47.859027706457766,29.559765855034513,59.744572320395164,55.22100069950396,114.9515549799064,57.49462892352427
ID 382 Year 88,4,458,LMP-458,33.98480953725333,16.8643856991048,91.26111811950966,8.738881880490329,43.78633451112936,31.63723557119468,65.50558604801839,57.492572602499266,133.29663298128395,60.990530925217335
ID 1017 Year 88,4,459,LMP-459,37.41411375874607,13.983030016802452,91.44807426217923,8.551925737820753,47.50932195999886,29.682900157094842,61.15748468067053,55.359178433123326,119.97260077144439,57.57232733120939
ID 1126 Year 90,4,460,LMP-460,35.7096908746027,16.312958764190576,91.59465530109277,8.40534469890721,46.11308634159869,30.36517023902288,64.12289601231772,56.10903807062854,127.81160261123213,59.29298379330028
ID 1140 Year 90,4,461,LMP-461,32.579227213641666,12.560359891534816,91.64051797079313,8.359482029206855,43.105662063906436,33.40520327954516,64.53722834513823,59.41263296336954,135.28315272126576,58.602386576430675
ID 1080 Year 90,4,462,LMP-462,30.69683581164101,15.782846735352024,91.36673026222348,8.633269737776498,39.769844804536476,37.224907714853586,64.14615004618094,63.57243706380085,140.55533331161644,61.36662907370766
ID 1139 Year 90,4,463,LMP-463,32.4557716142932,14.765632743843142,90.58737745396542,9.412622546034562,40.388799299868495,35.015895450997206,65.69477771931788,61.17679760943484,143.47938964769,60.17470738587686
ID 1124 Year 90,4,464,LMP-464,41.85859679950805,13.44352516587847,90.67044020254293,9.329559797457044,45.254213247611915,29.193890389937415,60.533441164277804,54.81815162316346,123.62412832353999,56.3831991291483
ID 413 Year 90,4,465,LMP-465,36.22041556841532,13.156688366246435,91.02481862328001,8.975181376719966,42.42669576432662,31.941394533629822,62.29459024674097,57.81447186009607,131.55794085797896,58.78832384350743
ID 1043 Year 90,4,466,LMP-466,44.95400299519199,10.014553968262902,91.78741622169451,8.212583778305472,52.43852438469324,25.689435457707425,52.95562118477201,50.99786697096877,95.39321698617778,52.699447064263836
ID 1127 Year 90,4,467,LMP-467,40.754849270359756,12.593869440134085,90.436218364079,9.56378163592099,45.04173849749727,29.96299122829346,58.9334779766311,55.65386195060961,121.47469659105609,57.4846832654714
ID 1056 Year 89,4,468,LMP-468,39.27642660082579,13.080270647074702,93.17039602494404,6.829603975055932,50.115328530737656,28.122081998181443,59.227192426019855,53.65546407639226,108.59421462696136,55.229106543628035
ID 294 Year 90,4,469,LMP-469,38.791526560797,13.912429341279513,91.861990671084925,8.138009328915064,46.585803489761986,29.30205649622738,60.61784320463728,54.93966273680967,119.3034061444578,56.95080753048681
ID 1099 Year 90,4,470,LMP-470,40.5611020948677,13.564108359290657,92.09721602946495,7.90278397053504,50.612268704172386,27.494568146227273,57.125631109373344,52.96622730257618,102.823313315828,55.347600526856596
ID 1123 Year 90,4,471,LMP-471,33.98880984588199,15.932662320621507,91.20546329785964,8.794536702140334,41.13795717478899,33.47775072693064,65.80303509091567,59.48968303547099,141.00165052168313,60.1751103449586
ID 1046 Year 88,4,473,LMP-473,41.56520458203947,12.969476239820601,91.49624408006976,8.503755919930224,47.34021967053192,28.373205091567016,58.23812278076126,53.920719490162405,114.55184227656267,55.78845733583025
ID 1144 Year 90,4,474,LMP-474,39.1485188714484,13.896936247866687,92.39163511831444,7.608364881685551,46.12334512724115,28.582788944480185,62.204001195285315,54.15227779612902,123.10581083412957,57.52753447232983
ID 1015 Year 88,4,475,LMP-475,40.015865975360114,11.870436875292945,92.55957012876326,7.440429871236722,48.48386618681879,28.73439724408213,57.894326772481136,54.31748924959912,111.33716847511538,55.14525704834736
ID 1031 Year 90,4,476,LMP-476,41.7231594928213,13.202300425655608,91.59013069426683,8.409869305733142,49.21405226577013,28.42496046293107,56.656212560392476,53.98474489687888,107.74369865397267,54.9212254905877
ID 391 Year 90,4,477,LMP-477,40.64908005401155,13.170066256586331,92.16212367053701,7.837876329462969,48.60545432519566,27.650476832720813,59.09971254789145,53.13408292938404,111.14344722012578,55.96808949499361
ID 1067 Year 88,4,478,LMP-478,39.66463365621996,13.563133624673512,91.70637910894615,8.293620891053841,47.54412394751695,29.098168827556997,58.99609678925966,54.70940096015997,113.48734225651532,57.17851603331056
ID 415 Year 89,4,479,LMP-479,37.736768265672424,15.069195628428911,91.38012891643524,8.619871083564739,48.17422959925382,30.245678702136757,60.578702199437664,55.97543544295313,116.18024105962002,56.23760200205482
ID 1006 Year 88,4,480,LMP-480,38.44605707543077,13.044309093955214,91.97202740863793,8.027972591362063,47.97692466999551,29.32337572761172,58.81561666712364,54.968489824900885,114.2502469846628,55.22520669359736
